{"default":[{"a":"panel_buttons_map_uid","b":"string","c":"{}"},{"a":"keycode_tip_read","b":"boolean","c":"true"},{"a":"use_adb_for_remap_using_getevent_mix_up","b":"boolean","c":"false"},{"a":"cursor_fix_swap_z","b":"boolean","c":"false"},{"a":"swipe_in_loop","b":"boolean","c":"false"},{"a":"adb_custom_port","b":"string","c":"5555"},{"a":"volume_fix","b":"boolean","c":"false"},{"a":"selected_speed_up_modes","b":"string","c":"1"},{"a":"use_adb_speed_up","b":"boolean","c":"false"},{"a":"show_hardware_mouse_cursor","b":"boolean","c":"false"},{"a":"recent_apps_use_wallpaper","b":"boolean","c":"false"},{"a":"use_adb_for_volume_fix","b":"boolean","c":"false"},{"a":"swipe_or_scroll_mode","b":"boolean","c":"false"},{"a":"long_volume_panel_force_fix","b":"boolean","c":"false"},{"a":"timer_save_recently_used","b":"boolean","c":"true"},{"a":"volume_buttons_fix_toast","b":"boolean","c":"false"},{"a":"clock_show_weather","b":"boolean","c":"false"},{"a":"mouse_tip_read","b":"boolean","c":"true"},{"a":"clock_use_fahrenheit","b":"boolean","c":"false"},{"a":"info_adb_additional","b":"boolean","c":"true"},{"a":"recent_apps_dont_kill_foreground","b":"boolean","c":"false"},{"a":"ignore_remapping_toast","b":"boolean","c":"false"},{"a":"use_adb_for_remap","b":"boolean","c":"true"},{"a":"clock_save_screen","b":"boolean","c":"true"},{"a":"restart_adb_after_sleep","b":"boolean","c":"true"},{"a":"show_timer_after_set_up","b":"boolean","c":"false"},{"a":"kill_apps_toast","b":"boolean","c":"false"},{"a":"changelog_dialog","b":"int","c":"306"},{"a":"media_control_close_on_action","b":"boolean","c":"false"},{"a":"service_state_toast","b":"boolean","c":"true"},{"a":"use_adb_for_some_actions","b":"boolean","c":"false"},{"a":"swipe_on_double_click","b":"boolean","c":"true"},{"a":"default_ime","b":"string","c":"com.google.android.inputmethod.latin/com.android.inputmethod.latin.LatinIME"},{"a":"auto_confirm_adb_connection","b":"boolean","c":"false"},{"a":"long_tap_on_app_action_read","b":"boolean","c":"true"},{"a":"selected_axis_combination","b":"string","c":"123"},{"a":"clock_show_clock","b":"boolean","c":"true"},{"a":"recent_apps_kill_via_adb","b":"boolean","c":"false"},{"a":"gamepad_service_state_toast","b":"boolean","c":"false"},{"a":"auto_restore_adb_port_on_boot","b":"boolean","c":"false"},{"a":"trigger_enabled","b":"boolean","c":"false"},{"a":"cursor_close_on_same_button","b":"boolean","c":"false"},{"a":"use_adb_for_mouse","b":"boolean","c":"false"},{"a":"xiaomi_netflix_remap","b":"boolean","c":"false"},{"a":"bt_manager_show_all_devices","b":"boolean","c":"false"},{"a":"enabled","b":"boolean","c":"true"},{"a":"media_control_type","b":"string","c":"1"},{"a":"dock_transparency","b":"boolean","c":"true"},{"a":"atvtools_tip_read","b":"boolean","c":"true"},{"a":"show_update_info","b":"boolean","c":"false"},{"a":"timer_show_dialog_before","b":"int","c":"10"},{"a":"timer_use_dialog","b":"boolean","c":"true"},{"a":"recent_apps_use_dialog","b":"boolean","c":"false"},{"a":"media_control_is_active","b":"boolean","c":"false"},{"a":"show_cursor_image","b":"boolean","c":"false"},{"a":"use_adb_for_remap_using_getevent","b":"boolean","c":"true"},{"a":"alternative_screenshot_method","b":"boolean","c":"false"},{"a":"bt_device_connected_disconnected_toast","b":"boolean","c":"true"},{"a":"swipe_on_screen_edges","b":"boolean","c":"false"},{"a":"cursor_fix_for_joystick","b":"boolean","c":"false"},{"a":"use_adb_for_emulate_buttons","b":"boolean","c":"false"},{"a":"cursor_fix_swap_xy","b":"boolean","c":"false"},{"a":"emulate_hardware_mouse","b":"boolean","c":"false"},{"a":"first_launch","b":"boolean","c":"false"},{"a":"atvtools_android_tip","b":"boolean","c":"true"},{"a":"selected_hardware_device","b":"string","c":"0"},{"a":"reverse_scroll_direction","b":"boolean","c":"false"},{"a":"dock_show_new_apps","b":"boolean","c":"true"}],"intents":[{"a":"intents","b":"intents","c":"[]"}],"adb_commands":[{"a":"adb_commands","b":"adb_commands","c":"[]"}],"tap_screen":[{"a":"tap_screen","b":"tap_screen","c":"[]"}],"bt_device_actions":[{"a":"bt_device_actions","b":"bt_device_actions","c":"[]"}],"shortcuts":[{"a":"shortcuts","b":"shortcuts","c":"[]"}],"trigger_actions":[{"a":"trigger_actions","b":"trigger_actions","c":"[]"}],"requests":[{"a":"requests","b":"requests","c":"[]"}],"apps_names_settings":[],"menu":[{"a":"menu","b":"menu","c":"[]"}],"actions":[{"a":"actions","b":"actions","c":"[{\"id\":1,\"keycode\":4,\"type\":0,\"action\":{\"a\":\"accessibility\",\"b\":\"back\",\"e\":0},\"doublePressAction\":{\"a\":\"accessibility\",\"b\":\"back\",\"e\":0},\"isEnabled\":false,\"constraintList\":[],\"constraintMode\":1,\"uniqueItem\":true,\"uid\":\"8c0b0cc9-d02a-4e84-b7c7-0ee987024d18\"},{\"id\":2,\"keycode\":196,\"type\":0,\"action\":{\"a\":\"do_nothing\",\"b\":\"app\",\"e\":0},\"doublePressAction\":{\"a\":\"do_nothing\",\"b\":\"app\",\"e\":0},\"longPressAction\":{\"a\":\"do_nothing\",\"b\":\"app\",\"e\":0},\"isEnabled\":true,\"label\":\"Bravia Core Button\",\"constraintList\":[],\"constraintMode\":1,\"uniqueItem\":false,\"uid\":\"ea163047-0293-4d5e-8473-9e94af10f10c\"},{\"id\":3,\"keycode\":191,\"type\":0,\"action\":{\"a\":\"do_nothing\",\"b\":\"app\",\"e\":0},\"doublePressAction\":{\"a\":\"do_nothing\",\"b\":\"app\",\"e\":0},\"longPressAction\":{\"a\":\"do_nothing\",\"b\":\"app\",\"e\":0},\"isEnabled\":true,\"label\":\"Netflix Button\",\"constraintList\":[],\"constraintMode\":1,\"uniqueItem\":false,\"uid\":\"c9db2eb3-8498-4408-88de-13815145f3ef\"},{\"id\":4,\"keycode\":196,\"type\":0,\"action\":{\"a\":\"do_nothing\",\"b\":\"app\",\"e\":0},\"doublePressAction\":{\"a\":\"do_nothing\",\"b\":\"app\",\"e\":0},\"longPressAction\":{\"a\":\"do_nothing\",\"b\":\"app\",\"e\":0},\"isEnabled\":true,\"label\":\"Disney Plus Button\",\"constraintList\":[],\"constraintMode\":1,\"uniqueItem\":false,\"uid\":\"c655c11d-9d7e-436b-9318-8ac6a26aff50\"},{\"id\":5,\"keycode\":196,\"type\":0,\"action\":{\"a\":\"do_nothing\",\"b\":\"app\",\"e\":0},\"doublePressAction\":{\"a\":\"do_nothing\",\"b\":\"app\",\"e\":0},\"longPressAction\":{\"a\":\"do_nothing\",\"b\":\"app\",\"e\":0},\"isEnabled\":true,\"label\":\"Prime Video Button\",\"constraintList\":[],\"constraintMode\":1,\"uniqueItem\":false,\"uid\":\"c8154eb0-0ea1-45cb-a470-e69ae5af23b8\"},{\"id\":7,\"keycode\":196,\"type\":0,\"action\":{\"a\":\"do_nothing\",\"b\":\"app\",\"e\":0},\"doublePressAction\":{\"a\":\"do_nothing\",\"b\":\"app\",\"e\":0},\"longPressAction\":{\"a\":\"do_nothing\",\"b\":\"app\",\"e\":0},\"isEnabled\":true,\"label\":\"Crunchyroll Button\",\"constraintList\":[],\"constraintMode\":1,\"uniqueItem\":false,\"uid\":\"c8a3e8bf-22f1-4864-903f-ee091983cd97\"},{\"id\":8,\"keycode\":83,\"type\":0,\"action\":{\"a\":\"do_nothing\",\"b\":\"app\",\"e\":0,\"f\":\"\",\"g\":\"\"},\"doublePressAction\":{\"a\":\"system\",\"b\":\"open_settings\",\"e\":0,\"f\":\"\",\"g\":\"\"},\"longPressAction\":{\"a\":\"system\",\"b\":\"open_screensaver\",\"e\":0,\"f\":\"\",\"g\":\"\"},\"isEnabled\":true,\"label\":\"Settings Button\",\"constraintList\":[],\"constraintMode\":1,\"uniqueItem\":false,\"uid\":\"3b2baf26-0db7-476c-9b8c-6d5188d05e8b\"},{\"id\":9,\"keycode\":196,\"type\":0,\"action\":{\"a\":\"app\",\"b\":\"com.teamsmart.videomanager.tv\",\"e\":0},\"doublePressAction\":{\"a\":\"do_nothing\",\"b\":\"app\",\"e\":0},\"longPressAction\":{\"a\":\"do_nothing\",\"b\":\"app\",\"e\":0},\"isEnabled\":true,\"label\":\"YouTube Button \",\"constraintList\":[],\"constraintMode\":1,\"uniqueItem\":false,\"uid\":\"dfcfa3a3-b91f-4e7c-9ccf-39f882fdb69f\"}]"}],"menu_settings":[]}