{"default":[{"a":"panel_buttons_map_uid","b":"string","c":"{}"},{"a":"cursor_fix_swap_z","b":"boolean","c":"false"},{"a":"use_adb_for_remap_using_getevent_mix_up","b":"boolean","c":"false"},{"a":"keycode_tip_read","b":"boolean","c":"true"},{"a":"default_screen_mode","b":"string","c":""},{"a":"swipe_in_loop","b":"boolean","c":"false"},{"a":"adb_custom_port","b":"string","c":"5555"},{"a":"volume_fix","b":"boolean","c":"false"},{"a":"selected_speed_up_modes","b":"string","c":"1"},{"a":"type","b":"string","c":"0"},{"a":"lock_apps","b":"boolean","c":"false"},{"a":"show_hardware_mouse_cursor","b":"boolean","c":"false"},{"a":"use_adb_speed_up","b":"boolean","c":"true"},{"a":"cursorData","b":"string","c":"1768.5787,598.52185,1920,1080"},{"a":"recent_apps_use_wallpaper","b":"boolean","c":"false"},{"a":"swipe_or_scroll_mode","b":"boolean","c":"false"},{"a":"use_adb_for_volume_fix","b":"boolean","c":"false"},{"a":"long_volume_panel_force_fix","b":"boolean","c":"false"},{"a":"one_click_always_change_mode","b":"boolean","c":"false"},{"a":"afr_25_to_50","b":"boolean","c":"false"},{"a":"remap_back_button_single_press","b":"boolean","c":"false"},{"a":"volume_buttons_fix_toast","b":"boolean","c":"false"},{"a":"info_adb_additional","b":"boolean","c":"true"},{"a":"mouse_tip_read","b":"boolean","c":"true"},{"a":"recent_apps_dont_kill_foreground","b":"boolean","c":"false"},{"a":"use_keycodes_with_scancodes","b":"boolean","c":"false"},{"a":"use_service_to_control_foreground","b":"boolean","c":"true"},{"a":"ignore_remapping_toast","b":"boolean","c":"false"},{"a":"use_adb_for_remap","b":"boolean","c":"false"},{"a":"restart_adb_after_sleep","b":"boolean","c":"true"},{"a":"afr_24_to_60","b":"boolean","c":"false"},{"a":"change_resolution","b":"boolean","c":"false"},{"a":"auto_stop_afr","b":"boolean","c":"false"},{"a":"local_focus","b":"boolean","c":"false"},{"a":"kill_apps_toast","b":"boolean","c":"true"},{"a":"changelog_dialog","b":"int","c":"306"},{"a":"media_control_close_on_action","b":"boolean","c":"true"},{"a":"service_state_toast","b":"boolean","c":"true"},{"a":"show_title","b":"boolean","c":"false"},{"a":"use_adb_for_some_actions","b":"boolean","c":"true"},{"a":"swipe_on_double_click","b":"boolean","c":"true"},{"a":"showing_ignore_in_recent_apps_list","b":"stringset","c":"[\"com.softmedia.receiver.lite\",\"zank.remote\",\"dev.vodik7.tvquickactions\",\"moe.shizuku.privileged.api\",\"com.android.tv.settings\",\"com.android.vpndialogs\",\"org.liskovsoft.androidtv.rukeyboard\",\"dev.imranr.daydreamportal\",\"com.spocky.projengmenu\",\"com.droidlogic.tv.settings\",\"com.wolf.google.lm\"]"},{"a":"default_ime","b":"string","c":"org.liskovsoft.androidtv.rukeyboard/com.liskovsoft.leankeyboard.ime.LeanbackImeService"},{"a":"auto_confirm_adb_connection","b":"boolean","c":"false"},{"a":"selected_axis_combination","b":"string","c":"123"},{"a":"recent_apps_kill_via_adb","b":"boolean","c":"true"},{"a":"gamepad_service_state_toast","b":"boolean","c":"true"},{"a":"auto_restore_adb_port_on_boot","b":"boolean","c":"false"},{"a":"double_refresh_rate","b":"boolean","c":"false"},{"a":"one_click_block_bugtracker","b":"boolean","c":"false"},{"a":"trigger_enabled","b":"boolean","c":"true"},{"a":"cursor_close_on_same_button","b":"boolean","c":"true"},{"a":"fractional_frame_rate","b":"boolean","c":"false"},{"a":"use_adb_for_mouse","b":"boolean","c":"true"},{"a":"xiaomi_netflix_remap","b":"boolean","c":"false"},{"a":"bt_manager_show_all_devices","b":"boolean","c":"false"},{"a":"channel_icons_use_banner","b":"boolean","c":"false"},{"a":"enabled","b":"boolean","c":"true"},{"a":"media_control_type","b":"string","c":"1"},{"a":"killing_ignore_in_recent_apps_list","b":"stringset","c":"[\"com.softmedia.receiver.lite\",\"zank.remote\",\"dev.vodik7.tvquickactions\",\"moe.shizuku.privileged.api\",\"com.android.tv.settings\",\"com.android.vpndialogs\",\"org.liskovsoft.androidtv.rukeyboard\",\"dev.imranr.daydreamportal\",\"com.spocky.projengmenu\",\"com.droidlogic.tv.settings\",\"com.wolf.google.lm\"]"},{"a":"dock_transparency","b":"boolean","c":"true"},{"a":"channel_icons_fill","b":"boolean","c":"false"},{"a":"atvtools_tip_read","b":"boolean","c":"true"},{"a":"recent_apps_hide_close_tip","b":"boolean","c":"true"},{"a":"set_pause_to_switch_content","b":"boolean","c":"false"},{"a":"show_update_info","b":"boolean","c":"true"},{"a":"channel_icons_size","b":"string","c":"3"},{"a":"recent_apps_use_dialog","b":"boolean","c":"true"},{"a":"media_control_is_active","b":"boolean","c":"false"},{"a":"show_cursor_image","b":"boolean","c":"false"},{"a":"use_adb_for_remap_using_getevent","b":"boolean","c":"true"},{"a":"screen_recorder_resolution","b":"string","c":"1"},{"a":"show_mode_info","b":"boolean","c":"true"},{"a":"alternative_screenshot_method","b":"boolean","c":"false"},{"a":"afr_enabled","b":"boolean","c":"true"},{"a":"afr_30_to_60","b":"boolean","c":"false"},{"a":"bt_device_connected_disconnected_toast","b":"boolean","c":"true"},{"a":"swipe_on_screen_edges","b":"boolean","c":"false"},{"a":"custom_getevent_codes","b":"string","c":"[{\"a\":\"0004 0004 000c0030\",\"b\":\"Power Button\",\"c\":\"0001 0074 00000001\"}]"},{"a":"cursor_fix_for_joystick","b":"boolean","c":"false"},{"a":"use_as_channel","b":"boolean","c":"false"},{"a":"use_adb_for_emulate_buttons","b":"boolean","c":"true"},{"a":"cursor_fix_swap_xy","b":"boolean","c":"false"},{"a":"emulate_hardware_mouse","b":"boolean","c":"false"},{"a":"show_clock","b":"boolean","c":"false"},{"a":"first_launch","b":"boolean","c":"false"},{"a":"atvtools_android_tip","b":"boolean","c":"true"},{"a":"selected_hardware_device","b":"string","c":"0"},{"a":"reverse_scroll_direction","b":"boolean","c":"false"},{"a":"close_after_action","b":"boolean","c":"true"},{"a":"dock_show_new_apps","b":"boolean","c":"true"}],"intents":[{"a":"intents","b":"intents","c":"[]"}],"adb_commands":[{"a":"adb_commands","b":"adb_commands","c":"[{\"id\":1,\"command\":\"/data/app/~~LLvGPS-I4IZAQR_VwaO1bA\\u003d\\u003d/moe.shizuku.privileged.api-NppPQK5g_2Z5rvmw-mE1IA\\u003d\\u003d/lib/arm/libshizuku.so\",\"label\":\"ADB command  Shizuku 2\",\"icon\":\"gmd_code\",\"isEnabled\":true,\"uid\":\"71259177-2d38-4a27-838c-f6b21fae7d47\",\"sendToRemote\":false,\"remoteAddress\":\"\"},{\"id\":2,\"command\":\"settings put secure enabled_accessibility_services\\nzank.remote/zank.remote.AccessService:com.spocky.projengmenu/com.spocky.projengmenu.services.ProjectivyAccessibilityService:com.carriez.flutter_hbb/com.carriez.flutter_hbb.InputService:dev.vodik7.tvquickactions/dev.vodik7.tvquickactions.KeyAccessibilityService\",\"label\":\"ADB command Accessibility\",\"icon\":\"gmd_code\",\"isEnabled\":true,\"uid\":\"68d0f4b7-3cf1-4315-8826-f2323c590405\",\"sendToRemote\":false,\"remoteAddress\":\"\"},{\"id\":4,\"command\":\"sh /storage/emulated/0/Android/data/moe.shizuku.privileged.api/start.sh\",\"label\":\"ADB command Shizuku 1\",\"icon\":\"gmd_code\",\"isEnabled\":true,\"uid\":\"03c0bfa6-62a4-45d0-bb59-00f1f907f386\",\"sendToRemote\":false,\"remoteAddress\":\"\"},{\"id\":5,\"command\":\"sh /sdcard/Android/data/moe.shizuku.privileged.api/start.sh\",\"label\":\"ADB command Shizuku 3\",\"icon\":\"gmd_photo_filter\",\"isEnabled\":true,\"uid\":\"3054d8b6-277b-4b7a-87a9-a7b88b3fa373\",\"sendToRemote\":false,\"remoteAddress\":\"\"}]"}],"tap_screen":[{"a":"tap_screen","b":"tap_screen","c":"[]"}],"bt_device_actions":[{"a":"bt_device_actions","b":"bt_device_actions","c":"[]"}],"shortcuts":[{"a":"shortcuts","b":"shortcuts","c":"[]"}],"trigger_actions":[{"a":"trigger_actions","b":"trigger_actions","c":"[{\"id\":2,\"isEnabled\":true,\"actions\":{\"1\":{\"a\":\"adb_command\",\"b\":\"71259177-2d38-4a27-838c-f6b21fae7d47\",\"e\":0,\"f\":\"\",\"g\":\"\"}},\"title\":\"Shizuku\",\"icon\":\"gmd_code\",\"constraintList\":[{\"type\":\"constraint_app_foreground\",\"extras\":[{\"id\":\"extra_package_name\",\"data\":\"moe.shizuku.privileged.api\"}]}],\"uid\":\"b7866b0f-70d5-4fba-a728-29cd575b3437\"},{\"id\":6,\"isEnabled\":true,\"actions\":{\"1\":{\"a\":\"adb_command\",\"b\":\"68d0f4b7-3cf1-4315-8826-f2323c590405\",\"e\":0,\"f\":\"\",\"g\":\"\"}},\"title\":\"\",\"icon\":\"\",\"constraintList\":[],\"uid\":\"trigger_actions_power_on\"}]"}],"requests":[{"a":"requests","b":"requests","c":"[]"}],"apps_names_settings":[],"menu":[{"a":"menu","b":"menu","c":"[]"}],"actions":[{"a":"actions","b":"actions","c":"[{\"id\":1,\"keycode\":4,\"type\":0,\"action\":{\"a\":\"accessibility\",\"b\":\"back\",\"e\":0,\"f\":\"\",\"g\":\"\"},\"doublePressAction\":{\"a\":\"empty\",\"b\":\"app\",\"e\":0,\"f\":\"\",\"g\":\"\"},\"isEnabled\":true,\"constraintList\":[],\"constraintMode\":1,\"uniqueItem\":true,\"uid\":\"1f871146-a7e9-4e1d-bc4e-eb2ee60132e9\"}]"}],"menu_settings":[]}