{"default":[{"a":"use_adb_for_remap_using_getevent_mix_up","b":"boolean","c":"false"},{"a":"panel_buttons_map_uid","b":"string","c":"{}"},{"a":"cursor_fix_swap_z","b":"boolean","c":"false"},{"a":"default_screen_mode","b":"string","c":""},{"a":"swipe_in_loop","b":"boolean","c":"false"},{"a":"adb_custom_port","b":"string","c":"5555"},{"a":"volume_fix","b":"boolean","c":"false"},{"a":"selected_speed_up_modes","b":"string","c":"1"},{"a":"use_adb_speed_up","b":"boolean","c":"false"},{"a":"show_hardware_mouse_cursor","b":"boolean","c":"false"},{"a":"recent_apps_use_wallpaper","b":"boolean","c":"false"},{"a":"use_adb_for_volume_fix","b":"boolean","c":"false"},{"a":"swipe_or_scroll_mode","b":"boolean","c":"false"},{"a":"long_volume_panel_force_fix","b":"boolean","c":"false"},{"a":"one_click_always_change_mode","b":"boolean","c":"false"},{"a":"afr_25_to_50","b":"boolean","c":"false"},{"a":"remap_back_button_single_press","b":"boolean","c":"false"},{"a":"volume_buttons_fix_toast","b":"boolean","c":"false"},{"a":"info_adb_additional","b":"boolean","c":"true"},{"a":"recent_apps_dont_kill_foreground","b":"boolean","c":"false"},{"a":"use_keycodes_with_scancodes","b":"boolean","c":"false"},{"a":"use_service_to_control_foreground","b":"boolean","c":"true"},{"a":"ignore_remapping_toast","b":"boolean","c":"false"},{"a":"use_adb_for_remap","b":"boolean","c":"false"},{"a":"restart_adb_after_sleep","b":"boolean","c":"false"},{"a":"afr_24_to_60","b":"boolean","c":"false"},{"a":"change_resolution","b":"boolean","c":"false"},{"a":"auto_stop_afr","b":"boolean","c":"false"},{"a":"kill_apps_toast","b":"boolean","c":"false"},{"a":"double_click_latency","b":"int","c":"300"},{"a":"changelog_dialog","b":"int","c":"306"},{"a":"service_state_toast","b":"boolean","c":"true"},{"a":"use_adb_for_some_actions","b":"boolean","c":"true"},{"a":"swipe_on_double_click","b":"boolean","c":"true"},{"a":"auto_confirm_adb_connection","b":"boolean","c":"false"},{"a":"default_ime","b":"string","c":"org.liskovsoft.androidtv.rukeyboard/com.liskovsoft.leankeyboard.ime.LeanbackImeService"},{"a":"selected_axis_combination","b":"string","c":"123"},{"a":"recent_apps_kill_via_adb","b":"boolean","c":"true"},{"a":"gamepad_service_state_toast","b":"boolean","c":"false"},{"a":"auto_restore_adb_port_on_boot","b":"boolean","c":"false"},{"a":"double_refresh_rate","b":"boolean","c":"false"},{"a":"one_click_block_bugtracker","b":"boolean","c":"false"},{"a":"cursor_close_on_same_button","b":"boolean","c":"false"},{"a":"fractional_frame_rate","b":"boolean","c":"false"},{"a":"use_adb_for_mouse","b":"boolean","c":"true"},{"a":"xiaomi_netflix_remap","b":"boolean","c":"false"},{"a":"bt_manager_show_all_devices","b":"boolean","c":"false"},{"a":"enabled","b":"boolean","c":"true"},{"a":"atvtools_tip_read","b":"boolean","c":"true"},{"a":"set_pause_to_switch_content","b":"boolean","c":"false"},{"a":"show_update_info","b":"boolean","c":"true"},{"a":"recent_apps_use_dialog","b":"boolean","c":"false"},{"a":"use_adb_for_remap_using_getevent","b":"boolean","c":"false"},{"a":"screen_recorder_resolution","b":"string","c":"1"},{"a":"show_mode_info","b":"boolean","c":"true"},{"a":"alternative_screenshot_method","b":"boolean","c":"false"},{"a":"afr_enabled","b":"boolean","c":"true"},{"a":"afr_30_to_60","b":"boolean","c":"false"},{"a":"long_click_latency","b":"int","c":"1500"},{"a":"bt_device_connected_disconnected_toast","b":"boolean","c":"false"},{"a":"swipe_on_screen_edges","b":"boolean","c":"false"},{"a":"cursor_fix_for_joystick","b":"boolean","c":"false"},{"a":"use_adb_for_emulate_buttons","b":"boolean","c":"true"},{"a":"cursor_fix_swap_xy","b":"boolean","c":"false"},{"a":"emulate_hardware_mouse","b":"boolean","c":"false"},{"a":"first_launch","b":"boolean","c":"false"},{"a":"atvtools_android_tip","b":"boolean","c":"true"},{"a":"selected_hardware_device","b":"string","c":"0"},{"a":"reverse_scroll_direction","b":"boolean","c":"false"}],"intents":[{"a":"intents","b":"intents","c":"[]"}],"adb_commands":[{"a":"adb_commands","b":"adb_commands","c":"[]"}],"tap_screen":[{"a":"tap_screen","b":"tap_screen","c":"[]"}],"bt_device_actions":[{"a":"bt_device_actions","b":"bt_device_actions","c":"[]"}],"shortcuts":[{"a":"shortcuts","b":"shortcuts","c":"[]"}],"trigger_actions":[{"a":"trigger_actions","b":"trigger_actions","c":"[]"}],"requests":[{"a":"requests","b":"requests","c":"[]"}],"apps_names_settings":[],"menu":[{"a":"menu","b":"menu","c":"[]"}],"actions":[{"a":"actions","b":"actions","c":"[{\"id\":1,\"keycode\":4,\"type\":0,\"action\":{\"a\":\"accessibility\",\"b\":\"back\",\"e\":0,\"f\":\"\",\"g\":\"\"},\"doublePressAction\":{\"a\":\"accessibility\",\"b\":\"back\",\"e\":0,\"f\":\"\",\"g\":\"\"},\"isEnabled\":false,\"constraintList\":[],\"constraintMode\":1,\"uniqueItem\":true,\"uid\":\"3225e4e2-5d4c-458d-90c4-72d03f56df5c\"},{\"id\":2,\"keycode\":82,\"type\":0,\"doublePressAction\":{\"a\":\"empty\",\"b\":\"app\",\"e\":0,\"f\":\"\",\"g\":\"\"},\"longPressAction\":{\"a\":\"app\",\"b\":\"com.spocky.projengmenu\",\"e\":0,\"f\":\"\",\"g\":\"\"},\"isEnabled\":true,\"constraintList\":[],\"constraintMode\":1,\"uniqueItem\":false,\"uid\":\"f609acac-a4e4-482b-877d-2d6d273d4d63\"}]"}],"menu_settings":[]}